<?xml version="1.0" encoding="utf-8" ?>
<component name="MainScene" extends="Scene">

	<interface></interface>

	<script type="text/brightscript" uri="pkg:/components/MainScene/MainSceneDataProvider.brs"/>

	<children>

		<Rectangle id="black"
			width="1280"
			height="720"
			color="0x000000FF"/>

		<Poster id="background"
			width="1280"
			height="720"
			loadWidth="1280"
			loadHeight="720"
			loadDisplayMode="scaleToZoom"
			opacity="0"/>

		<Animation
		  id = "imageFadeAnimation"
		  duration = "0.75"
		  easeFunction = "linear">

		  <FloatFieldInterpolator
		    key = "[ 0.0, 0.75]"
		    keyValue = "[ 1.0, 0.0]"
		    fieldToInterp = "background.opacity" />

		</Animation>

		<Animation
		  id = "imageShowAnimation"
		  duration = "0.75"
		  easeFunction = "linear">

		  <FloatFieldInterpolator
		    key = "[ 0.0, 0.75]"
		    keyValue = "[ 0.0, 1.0]"
		    fieldToInterp = "background.opacity" />

		</Animation>

		<Timer
			id="imageTimer"
			duration="0.75" />

		<Timer
			id="autoNextTimer"
			repeat="true"
			control="start"
			duration="30"/>

		<WebRequestTask
			id="webRequestTask"
			url="https://www.reddit.com/r/carporn/top/.json?t=all" />

  </children>

</component>
